/*
SQLyog v10.2 
MySQL - 5.6.22-log : Database - meilituibian
*********************************************************************
*/

/*!40101 SET NAMES utf8 */;

/*!40101 SET SQL_MODE=''*/;

/*!40014 SET @OLD_UNIQUE_CHECKS=@@UNIQUE_CHECKS, UNIQUE_CHECKS=0 */;
/*!40014 SET @OLD_FOREIGN_KEY_CHECKS=@@FOREIGN_KEY_CHECKS, FOREIGN_KEY_CHECKS=0 */;
/*!40101 SET @OLD_SQL_MODE=@@SQL_MODE, SQL_MODE='NO_AUTO_VALUE_ON_ZERO' */;
/*!40111 SET @OLD_SQL_NOTES=@@SQL_NOTES, SQL_NOTES=0 */;
CREATE DATABASE /*!32312 IF NOT EXISTS*/`meilituibian` /*!40100 DEFAULT CHARACTER SET utf8 */;

USE `meilituibian`;

/*Table structure for table `category` */

DROP TABLE IF EXISTS `category`;

CREATE TABLE `category` (
  `id` int(11) NOT NULL AUTO_INCREMENT,
  `name` varchar(100) DEFAULT NULL,
  `parent_id` int(11) DEFAULT NULL,
  `create_date` datetime DEFAULT NULL,
  `range` int(11) DEFAULT '0',
  `grade` int(11) NOT NULL,
  `icon` varchar(200) DEFAULT NULL,
  `major_name` varchar(150) DEFAULT NULL COMMENT '专业名称',
  `alias_name` varchar(150) DEFAULT NULL COMMENT '别名',
  `hot` tinyint(4) DEFAULT '0',
  `status` tinyint(4) DEFAULT '1' COMMENT '0:关闭,1开启',
  PRIMARY KEY (`id`)
) ENGINE=InnoDB AUTO_INCREMENT=72 DEFAULT CHARSET=utf8;

/*Data for the table `category` */

insert  into `category`(`id`,`name`,`parent_id`,`create_date`,`range`,`grade`,`icon`,`major_name`,`alias_name`,`hot`,`status`) values (1,'眼部',NULL,NULL,0,1,'eyes',NULL,NULL,0,1),(2,'美鼻',NULL,NULL,0,1,'nose',NULL,NULL,0,1),(3,'面部轮廓',NULL,NULL,0,1,'face',NULL,NULL,0,1),(4,'牙齿',NULL,NULL,0,1,'tooth',NULL,NULL,0,0),(5,'玻尿酸',NULL,NULL,0,1,'boniaosuan',NULL,NULL,0,0),(6,'皮肤',NULL,NULL,0,1,'skin',NULL,NULL,0,1),(7,'减肥瘦身',NULL,NULL,0,1,'reduce-weight',NULL,NULL,0,0),(8,'胸部',NULL,NULL,0,1,'chest',NULL,NULL,0,1),(9,'自体脂肪',NULL,NULL,0,1,'self-fat',NULL,NULL,0,0),(10,'吸脂',NULL,NULL,0,1,'liposuction',NULL,NULL,0,0),(11,'毛发再生',NULL,NULL,0,1,'hair-regroup',NULL,NULL,0,0),(12,'除皱抗衰老',NULL,NULL,0,1,'wrinkle-remove',NULL,NULL,0,0),(13,'男性私密',NULL,NULL,0,1,'mans-secr',NULL,NULL,0,0),(14,'女性私密',NULL,NULL,0,1,'womens-secr',NULL,NULL,0,0),(30,'割双眼皮',1,NULL,0,2,NULL,NULL,NULL,0,1),(31,'去眼袋',1,NULL,0,2,NULL,NULL,NULL,0,1),(32,'隆鼻',2,NULL,0,2,NULL,NULL,NULL,0,1),(33,'瘦脸',3,NULL,0,2,NULL,NULL,NULL,0,1),(34,'垫下巴',3,NULL,0,2,NULL,NULL,NULL,0,1),(35,'减双下巴',3,NULL,0,2,NULL,NULL,NULL,0,1),(36,'唇部整形',3,NULL,0,2,NULL,NULL,NULL,0,1),(37,'隆胸',8,NULL,0,2,NULL,NULL,NULL,0,1),(38,'副乳手术',8,NULL,0,2,NULL,NULL,NULL,0,1),(39,'嫩夫',6,NULL,0,2,NULL,NULL,NULL,0,1),(40,'祛疤',6,NULL,0,2,NULL,NULL,NULL,0,1),(41,'点痣',6,NULL,0,2,NULL,NULL,NULL,0,1),(42,'埋线双眼皮',30,NULL,0,3,NULL,NULL,NULL,0,1),(43,'韩式双眼皮',30,NULL,0,3,NULL,NULL,NULL,0,1),(44,'切开双眼皮',30,NULL,0,3,NULL,NULL,NULL,0,1),(45,'激光去眼袋',31,NULL,0,3,NULL,NULL,NULL,0,1),(46,'内切去眼袋',31,NULL,0,3,NULL,NULL,NULL,0,1),(47,'外切去眼袋',31,NULL,0,3,NULL,NULL,NULL,0,1),(48,'自体脂肪隆鼻',32,NULL,0,3,NULL,NULL,NULL,0,1),(49,'硅胶假体隆鼻',32,NULL,0,3,NULL,NULL,NULL,0,1),(50,'瘦脸针',33,NULL,0,3,NULL,NULL,NULL,0,1),(51,'吸脂瘦脸',33,NULL,0,3,NULL,NULL,NULL,0,1),(52,'玻尿酸垫下巴',34,NULL,0,3,NULL,NULL,NULL,0,1),(53,'自体脂肪填充下巴',34,NULL,0,3,NULL,NULL,NULL,0,1),(54,'硅胶垫下巴',34,NULL,0,3,NULL,NULL,NULL,0,1),(55,'吸脂减双下巴',35,NULL,0,3,NULL,NULL,NULL,0,1),(56,'光纤溶脂减双下巴',35,NULL,0,3,NULL,NULL,NULL,0,1),(57,'玻尿酸丰唇',36,NULL,0,3,NULL,NULL,NULL,0,1),(58,'自体脂肪丰唇',36,NULL,0,3,NULL,NULL,NULL,0,1),(59,'假体隆胸',37,NULL,0,3,NULL,NULL,NULL,0,1),(60,'复合隆胸',37,NULL,0,3,NULL,NULL,NULL,0,1),(61,'自体脂肪隆胸',37,NULL,0,3,NULL,NULL,NULL,0,1),(62,'副乳吸脂',38,NULL,0,3,NULL,NULL,NULL,0,1),(63,'副乳切除',38,NULL,0,3,NULL,NULL,NULL,0,1),(64,'水光针',39,NULL,0,3,NULL,NULL,NULL,0,1),(65,'光子嫩肤',39,NULL,0,3,NULL,NULL,NULL,0,1),(66,'无针水光',39,NULL,0,3,NULL,NULL,NULL,0,1),(67,'激光去疤',40,NULL,0,3,NULL,NULL,NULL,0,1),(68,'手术切除祛疤',40,NULL,0,3,NULL,NULL,NULL,0,1),(69,'药物祛疤',40,NULL,0,3,NULL,NULL,NULL,0,1),(70,'手术切痣(大的)',41,NULL,0,3,NULL,NULL,NULL,0,1),(71,'激光点痣(小的)',41,NULL,0,3,NULL,NULL,NULL,0,1);

/*Table structure for table `comment` */

DROP TABLE IF EXISTS `comment`;

CREATE TABLE `comment` (
  `id` int(11) NOT NULL AUTO_INCREMENT,
  `project_id` int(11) NOT NULL,
  `user_id` int(11) DEFAULT NULL,
  `open_id` varchar(150) DEFAULT NULL,
  `content` text COMMENT '评论',
  `create_date` timestamp NOT NULL DEFAULT CURRENT_TIMESTAMP ON UPDATE CURRENT_TIMESTAMP COMMENT '创建日期',
  `status` tinyint(4) DEFAULT '1' COMMENT '0:未激活，1:激活',
  PRIMARY KEY (`id`)
) ENGINE=InnoDB AUTO_INCREMENT=2 DEFAULT CHARSET=utf8;

/*Data for the table `comment` */

insert  into `comment`(`id`,`project_id`,`user_id`,`open_id`,`content`,`create_date`,`status`) values (1,1,1,'1','hello world','2018-03-04 00:00:00',1);

/*Table structure for table `information` */

DROP TABLE IF EXISTS `information`;

CREATE TABLE `information` (
  `id` int(11) NOT NULL AUTO_INCREMENT,
  `title` varchar(50) NOT NULL,
  `content` text,
  `range` int(11) DEFAULT '0' COMMENT '排序',
  `status` tinyint(4) DEFAULT '0' COMMENT '0:末激活，1:已激活',
  PRIMARY KEY (`id`)
) ENGINE=MyISAM AUTO_INCREMENT=4 DEFAULT CHARSET=utf8;

/*Data for the table `information` */

insert  into `information`(`id`,`title`,`content`,`range`,`status`) values (1,'关于我们','我们很牛逼的',0,1),(2,'加入我们','给钱就可以加入',0,1),(3,'联系我们','广东深圳',0,0);

/*Table structure for table `order` */

DROP TABLE IF EXISTS `order`;

CREATE TABLE `order` (
  `id` int(11) NOT NULL AUTO_INCREMENT COMMENT 'id',
  `open_id` varchar(150) DEFAULT NULL COMMENT '微信id',
  `project_id` int(11) DEFAULT NULL COMMENT '项目id',
  `project_name` varchar(200) DEFAULT NULL COMMENT '项目名称',
  `user_name` varchar(150) DEFAULT NULL,
  `phone` varchar(15) DEFAULT NULL COMMENT '电话',
  `email` varchar(100) DEFAULT NULL COMMENT '邮件',
  `address` varchar(300) DEFAULT NULL COMMENT '地址',
  `post_code` varchar(10) DEFAULT NULL COMMENT '邮编',
  `status` int(11) DEFAULT '0' COMMENT '-1:冻结,0:待处理,1:处理中，2:处理完成',
  `create_date` datetime DEFAULT NULL,
  `update_date` datetime DEFAULT NULL,
  `subscribe_Date` datetime DEFAULT NULL COMMENT '下单时间',
  `leader` varchar(150) DEFAULT NULL COMMENT '推荐人',
  PRIMARY KEY (`id`)
) ENGINE=InnoDB AUTO_INCREMENT=6 DEFAULT CHARSET=utf8;

/*Data for the table `order` */

insert  into `order`(`id`,`open_id`,`project_id`,`project_name`,`user_name`,`phone`,`email`,`address`,`post_code`,`status`,`create_date`,`update_date`,`subscribe_Date`,`leader`) values (1,'4444422444',42,'222222','4444','22222','22',NULL,NULL,0,NULL,NULL,NULL,'00011'),(2,'111',1,'11','11','11','11',NULL,NULL,0,'2018-04-16 22:21:29',NULL,NULL,'eee'),(4,'111',1,'11','11','11','11',NULL,NULL,0,'2018-04-16 22:33:14',NULL,'2018-04-15 00:00:00','eee'),(5,'111',1,'11','11','11','11',NULL,NULL,0,'2018-04-16 22:39:00',NULL,'2018-04-28 12:00:00','eee');

/*Table structure for table `project` */

DROP TABLE IF EXISTS `project`;

CREATE TABLE `project` (
  `project_id` int(11) NOT NULL AUTO_INCREMENT,
  `category_id` int(11) NOT NULL,
  `short_desc` varchar(500) NOT NULL COMMENT '短描述',
  `min_price` decimal(10,0) DEFAULT NULL COMMENT '最低价',
  `max_price` decimal(10,0) DEFAULT NULL COMMENT '最高价',
  `category_name` varchar(100) NOT NULL COMMENT '项目名称',
  `img_path` varchar(200) DEFAULT NULL COMMENT '图片',
  `detail` varchar(500) DEFAULT NULL COMMENT '长描述',
  `operation` varchar(50) DEFAULT NULL COMMENT '手术',
  `treatment` varchar(500) DEFAULT NULL COMMENT '治疗',
  `recure` varchar(500) DEFAULT NULL COMMENT '康复',
  `advantage` varchar(500) DEFAULT NULL COMMENT '优点',
  `disadvantage` varchar(500) DEFAULT NULL COMMENT '缺点',
  `concern` float DEFAULT '5' COMMENT '关注度',
  `safe` float DEFAULT '5' COMMENT '安全度',
  `complex` float DEFAULT '3' COMMENT '复杂度',
  `status` tinyint(4) DEFAULT '1' COMMENT '0:停止 ,1:激活',
  `book_num` int(11) DEFAULT '0' COMMENT '预约数',
  PRIMARY KEY (`project_id`)
) ENGINE=MyISAM AUTO_INCREMENT=31 DEFAULT CHARSET=utf8;

/*Data for the table `project` */

insert  into `project`(`project_id`,`category_id`,`short_desc`,`min_price`,`max_price`,`category_name`,`img_path`,`detail`,`operation`,`treatment`,`recure`,`advantage`,`disadvantage`,`concern`,`safe`,`complex`,`status`,`book_num`) values (1,47,'外切法去眼袋是指通过手术方式在下眼睑皮肤处做切口，释放适量的眶隔脂肪与眼轮匝肌','1500','2500','外切去眼袋',NULL,'外切法去眼袋是指通过手术方式在下眼睑皮肤处做切口，释放适量的眶隔脂肪与眼轮匝肌，并视情况切除多余的下眼睑皮肤，从而实现整体去眼袋的效果。此方法可以彻底的改善眼袋烦恼，并不易复发，但缺点就是术后可能会留有轻微疤痕','[{\"技术手段\":\"手术,一级手术\"}, {\"疗程\":\"一次手术\"}]','[{\"手术费用\":\"3000-5000元/人\"}, {\"适宜人群\":\"眶脂肪膨隆，皮肤松弛，且有较重眼袋的人\"},{\"治疗效果\":\"较为彻底的改善眼袋，术后会留有轻度疤痕\"},{\"治疗时长\":\"1小时左右\"}]','[{\"拆线时间\":\"5~7天\"},{\"术后休息\":\"7~15天\"}]','[\"能够彻底改善眼袋烦恼，并不易复发\", \"一并解决皮肤松弛问题\"]','[\"术后会留有不明显疤痕\",\"术后休息时间较长\",\"有可能发生眼睑外翻和睫毛脱落等并发症\"]',5,5,3,1,4),(2,42,'埋线法的手术原理和缝线法基本相同，重睑都是通过提上睑肌腱膜或睑板与皮肤之间形成粘连，不同之处是埋线法是将缝线埋于皮下，术后无需拆线。埋线法又分为连续埋线法和间断埋线法，连续埋线法增加了皮肤与睑板粘连面积，比间断埋线法手术可靠性更大，成功率高。埋线法重睑术的手术费用大概在2000-8000...','2000','8000','埋线双眼皮',NULL,'埋线法的手术原理和缝线法基本相同，重睑都是通过提上睑肌腱膜或睑板与皮肤之间形成粘连，不同之处是埋线法是将缝线埋于皮下，术后无需拆线。埋线法又分为连续埋线法和间断埋线法，连续埋线法增加了皮肤与睑板粘连面积，比间断埋线法手术可靠性更大，成功率高。埋线法重睑术的手术费用大概在2000-8000...','[{\"技术手段\":\"手术,一级手术\"}, {\"疗程\":\"一次手术\"}]','[{\"手术费用\":\"2000-8000元/人\"},{\"适宜人群\":\"年轻、上睑薄、皮肤无松弛的单眼皮\"},{\"治疗效果\":\"形成双眼皮，双眼皮线条较自然\"},{\"治疗时长\":\"30-60分钟\"}]','[{\"拆线时间\":\"无须拆线\"},{\"术后休息\":\"18天左右 术后两周内逐渐消肿，18天后效果自然，3个月后效果达到最佳\"}]','[\"无需切口，创伤小，且术后恢复快，无明显瘢痕\", \"若手术失败，易于修复\", \"并发症较少\"]','[\"适应症范围小\",\"重睑易变浅或消失\"]',5,5,3,1,0),(3,43,'微创双眼皮，市面上称之为韩式双眼皮。该手术根据术中所选切口数量的不同存在单切口、双切口和三切口三种微创重睑方式。其中三切口微创双眼皮源于韩国，其主要采取“三点式”切口，并去除适量脂肪和眼轮匝肌，除能制造重睑效果外，还可解决肿眼泡和外眦赘皮等眼部问题。微创双眼皮较缝线和埋线法双眼皮...','2000','10000','韩式双眼皮',NULL,'微创双眼皮，市面上称之为韩式双眼皮。该手术根据术中所选切口数量的不同存在单切口、双切口和三切口三种微创重睑方式。其中三切口微创双眼皮源于韩国，其主要采取“三点式”切口，并去除适量脂肪和眼轮匝肌，除能制造重睑效果外，还可解决肿眼泡和外眦赘皮等眼部问题。微创双眼皮较缝线和埋线法双眼皮...','[{\"技术手段\":\"手术,一级手术\"}, {\"疗程\":\"一次手术\"}]','[{\"手术费用\":\"2000-10000元/人\"},{\"适宜人群\":\"上睑皮肤无重度松弛的中青年单眼皮人群\"},{\"治疗效果\":\"形成双眼皮，双眼皮线条较明显，没有明显痕迹\"},{\"治疗时长\":\"一般60~90分钟，视具体情况而定\"}]','[{\"拆线时间\":\"5~7天\"},{\"术后休息\":\"一周左右\"}]','[\"术后效果自然，瘢痕不明显，且术后效果维持时间较长\",\"可在术中一并解决肿眼泡及外眦赘皮等眼部问题\",\"术后恢复时间最短\"]','[\"不适应于上眼睑重度松垂的老年患者\",\"价格相对较高\"]',5,5,3,1,0),(4,44,'切开法双眼皮（全切双眼皮）通过手术在上眼皮处作一切口，去除多余的皮肤及脂肪组织，然后将眼睑皮肤固定在所需高度的睑板上形成重睑。切开法重睑术是所有重睑术术式中有效、稳定可靠的术式。该术式对医生的要求也，也是正规美容医院经常选用的一种术式。切开法双眼皮的手术费用大概在3000-12000元之间','3000','12000','切开双眼皮',NULL,'切开法双眼皮（全切双眼皮）通过手术在上眼皮处作一切口，去除多余的皮肤及脂肪组织，然后将眼睑皮肤固定在所需高度的睑板上形成重睑。切开法重睑术是所有重睑术术式中有效、稳定可靠的术式。该术式对医生的要求也，也是正规美容医院经常选用的一种术式。切开法双眼皮的手术费用大概在3000-12000元之间','[{\"技术手段\":\"手术,一级手术\"}, {\"疗程\":\"一次手术\"}]','[{\"手术费用\":\"3000-12000元/人\"},{\"适宜人群\":\"1、想确切的永久保持双眼皮效果的任何年龄段人群。2、年龄较大眼...\"},{\"治疗效果\":\"形成双眼皮，双眼皮线条较明显\"},{\"治疗时长\":\"一般60~90分钟，视具体情况而定\"}]','[{\"拆线时间\":\"5~7天\"},{\"术后休息\":\"30天。 术后5-7天拆线，拆线后可化妆，7-15天消肿，30天左右恢复自然，3个月后效果最佳\"}]','[\"术后效果好\", \"术后可永久保持\", \"术中可一并解决眼睑的其它问题\"]','[\"创伤大，恢复时间长\",\"瘢痕明显\",\"手术一旦失败，修复有难度\"]',5,5,3,1,0),(5,45,'常见的激光去除眼袋就是利用激光的光热切割特性，作用于下眼睑内侧结膜，做切口后将脂肪团去除，并利用激光气化作用来收缩真皮组织；随着整形新技术的出现，也有部分设备利用特定波长激光的光热效应，透过皮肤无创的作用于皮下脂肪，起到减轻眼袋、收紧皮肤的作用。','4000','6000','激光去眼袋',NULL,'常见的激光去除眼袋就是利用激光的光热切割特性，作用于下眼睑内侧结膜，做切口后将脂肪团去除，并利用激光气化作用来收缩真皮组织；随着整形新技术的出现，也有部分设备利用特定波长激光的光热效应，透过皮肤无创的作用于皮下脂肪，起到减轻眼袋、收紧皮肤的作用。','[{\"技术手段\":\"手术\"}, {\"疗程\":\"一次治疗\"}]','[{\"手术费用\":\"4000-6000元/人\"},{\"适宜人群\":\"有不同程度眼袋的人\"}]','[{\"术后休息\":\"3天左右\"}]','[\"手术能够治疗的人群范围较广\",\"手术过程中凝血较好\",\"术后恢复时间较其他手术方式短\"]',NULL,5,5,3,1,0),(6,46,'内切去眼袋手术切口位于眼结膜内，术中主要将中央和内侧脂肪球去除，从而减缓脂肪对下眼睑皮肤的压力，术后外表不会留有疤痕，并且损伤小。','2000','5000','内切去眼袋',NULL,'内切去眼袋手术切口位于眼结膜内，术中主要将中央和内侧脂肪球去除，从而减缓脂肪对下眼睑皮肤的压力，术后外表不会留有疤痕，并且损伤小。','[{\"技术手段\":\"手术,一级手术\"}, {\"疗程\":\"一次手术\"}]','[{\"手术费用\":\"2000-5000元/人\"},{\"适宜人群\":\"下睑脂肪膨出的轻度眼袋\"},{\"治疗效果\":\"减轻或消除下睑臃肿、松弛，下眼睑外部不会留有疤痕\"},{\"治疗时长\":\"1小时左右\"}]','[{\"拆线时间\":\"无需拆线\"},{\"术后休息\":\"7~15天\"}]','[\"术后下眼睑外部不会留有疤痕\"]','[\"术后可能存在残留眼袋\"]',5,5,3,1,0),(7,48,'自体脂肪隆鼻是利用抽脂技术，抽取身体（如腰、大腿、臀部）的多余脂肪，经过高科技处理后，将得到的高纯度脂肪注射到鼻根部，然后进行塑型。','4000','12000','自体脂肪隆鼻',NULL,'自体脂肪隆鼻是利用抽脂技术，抽取身体（如腰、大腿、臀部）的多余脂肪，经过高科技处理后，将得到的高纯度脂肪注射到鼻根部，然后进行塑型。','[{\"技术手段\":\"手术,一级手术\"}, {\"疗程\":\"注射需一次或多次治疗\"}]','[{\"手术费用\":\"4000-12000元/人\"},{\"适宜人群\":\"想要抬高鼻梁、微调鼻型\"}]','[{\"术后休息\":\"手术7-10天，注射无需休息\"}]','[\"自体组织无排异反应\",\"创伤小\"]','[\"需要多次注射\",\"脂肪颗粒移植的存活率不高\",\"费用较高\"]',5,5,3,1,0),(8,49,'硅胶假体隆鼻一般是在局部麻醉下进行，于鼻部的适宜部位做潜行分离，使其形成相应的隧道，再将硅胶假体材料植入，直至植入的硅胶假体长短、高矮合适，即可缝合切口，这样就能达到垫高外鼻的作用。硅胶假体植入隆鼻术的手术费用大概在3000-100000元之间，一次手术即可，术后可长久维持，效果较好。','3000','12000','硅胶假体隆鼻',NULL,'硅胶假体隆鼻一般是在局部麻醉下进行，于鼻部的适宜部位做潜行分离，使其形成相应的隧道，再将硅胶假体材料植入，直至植入的硅胶假体长短、高矮合适，即可缝合切口，这样就能达到垫高外鼻的作用。硅胶假体植入隆鼻术的手术费用大概在3000-100000元之间，一次手术即可，术后可长久维持，效果较好。','[{\"技术手段\":\"手术,一级手术\"}, {\"疗程\":\"一次手术\"}]','[{\"手术费用\":\"3000-100000元/人\"},{\"适宜人群\":\"鼻梁、鼻尖低塌，鼻小柱短小，鼻背软组织充足者\"},{\"治疗效果\":\"鼻梁变高\"},{\"治疗时长\":\"一般2个小时左右，视具体情况而定\"}]','[{\"拆线时间\":\"5~7天\"},{\"术后休息\":\"7-10天左右\"}]','[\"维持时间长久\",\"一次手术即可\",\"价格相对较低\"]','[\"术后休息时间较注射长。\",\"并发症较多，效果不够自然\",\"手术难度和创伤较大\"]',5,5,3,1,0),(9,50,'面型中下颌角肥大是影响面部轮廓的一个主要因素，导致下颌角肥大主要有两方面原因，其一是下颌角部的骨性肥大，另一个是由于下颌角侧咀嚼肌的过度发育凸出于两侧腮部引起的。研究发现，咀嚼肌肥大中单纯性咬肌肥大则是其本质原因。咬肌肥大通常没有症状，可以单侧，也可以双侧，可能与咀嚼过度及夜间磨...','2000','6000','瘦脸针',NULL,'面型中下颌角肥大是影响面部轮廓的一个主要因素，导致下颌角肥大主要有两方面原因，其一是下颌角部的骨性肥大，另一个是由于下颌角侧咀嚼肌的过度发育凸出于两侧腮部引起的。研究发现，咀嚼肌肥大中单纯性咬肌肥大则是其本质原因。咬肌肥大通常没有症状，可以单侧，也可以双侧，可能与咀嚼过度及夜间磨...','[{\"技术手段\":\"注射\"}, {\"疗程\":\"反复治疗\"}]','[{\"手术费用\":\"2000-6000元/支\"}, {\"适宜人群\":\"咬肌肥大造成的脸部肥胖者\"},{\"治疗效果\":\"咬肌变小，腮部显瘦，脸型呈瓜子脸\"}]','[{\"拆线时间\":\"无需拆线\"},{\"术后休息\":\"无需休息\"}]','[\"注射创伤小\",\"对咬肌肥大型面部肥胖效果佳\"]','[\"需多次注射\"]',5,5,3,1,0),(10,51,'通过手术方式制造皮肤微小切口，再利用注射器或吸脂设备将面局部皮下多余脂肪抽出，达到瘦脸目的。','10000','50000','吸脂瘦脸',NULL,'通过手术方式制造皮肤微小切口，再利用注射器或吸脂设备将面局部皮下多余脂肪抽出，达到瘦脸目的。','[{\"技术手段\":\"手术\"},{\"疗程\":\"一般为1次治疗\"}]','[{\"手术费用\":\"2000-6000元/支\"},{\"适宜人群\":\"有面部脂肪堆积困扰的人\"},{\"治疗效果\":\"术后注意饮食、运动，控制体重，一般可维持长久\"},{\"治疗时长\":\"一般1次即可，如有反弹，可能需要二次吸脂\"}]','[{\"拆线时间\":\"是否拆线取决于吸脂方式\"},{\"术后休息\":\"1-2周\"}]','[\"面部脂肪堆积过多的也适用\"]','[\"有一定的创伤\"]',5,5,3,1,0),(11,52,'玻尿酸注射垫下巴不需要手术切开皮肤组织，而是通过针剂注射的方式将玻尿酸填充到颏部达到垫下巴的效果。玻尿酸是经过纯化的，注射入后会与人体原有的成分融合，皮肤会膨胀，整形医生再根据受术者的个人面部轮廓捏出适合美观的下颏。','3000','15000','玻尿酸垫下巴',NULL,'玻尿酸注射垫下巴不需要手术切开皮肤组织，而是通过针剂注射的方式将玻尿酸填充到颏部达到垫下巴的效果。玻尿酸是经过纯化的，注射入后会与人体原有的成分融合，皮肤会膨胀，整形医生再根据受术者的个人面部轮廓捏出适合美观的下颏。','[{\"技术手段\":\"手术\"},{\"疗程\":\"多次注射\"}]','[{\"手术费用\":\"3000-15000元/支\"},{\"适宜人群\":\"轻、中度的下巴短缩者\"},{\"治疗效果\":\"拥有理想的下巴形状\"},{\"治疗时长\":\"20~40分钟左右\"}]','[{\"拆线时间\":\"无需拆线\"},{\"术后休息\":\"无需休息\"}]','[\"填充后形态自然\",\"无需术后休息\",\"注射创伤小\"]','[\"效果维持较短\",\"需多次注射\",\"注射填充充盈程度有限\"]',5,5,3,1,0),(12,53,'自体脂肪填充垫下巴，是将人体自身脂肪较丰富的部位，如腹、臀、大腿等处的脂肪，用吸脂方法吸出，经过特殊处理成纯净脂肪颗粒后，注射到颏部，以达到垫下巴的效果。','8000','20000','自体脂肪填充下巴',NULL,'自体脂肪填充垫下巴，是将人体自身脂肪较丰富的部位，如腹、臀、大腿等处的脂肪，用吸脂方法吸出，经过特殊处理成纯净脂肪颗粒后，注射到颏部，以达到垫下巴的效果。','[{\"技术手段\":\"手术\"},{\"注射疗程\":\"手术仅需一次，注射需多次治疗\"}]','[{\"手术费用\":\"8000-20000元\"},{\"适宜人群\":\"下巴后缩、下巴凸出不明显者\"},{\"治疗效果\":\"长久保持\"},{\"治疗时长\":\"1小时\"}]','[{\"拆线时间\":\"7天拆线\"},{\"术后休息\",\"手术7-10天，注射无需休息\"}]','[\"自体组织无排异反应\",\"创伤小\"]','[\"需要多次注射\",\"脂肪颗粒移植的存活率并非100%\",\"费用较高\"]',5,5,3,1,0),(13,54,'硅胶假体植入垫下巴就是把硅胶下颌假体通过手术方式植入到颏部的骨与软组织之间，达到垫下巴的效果。硅胶假体是目前较为理想的材料，生物相容性好，对组织刺激小，易雕刻成型，性价比高，应用广泛。','6000','20000','硅胶垫下巴',NULL,'硅胶假体植入垫下巴就是把硅胶下颌假体通过手术方式植入到颏部的骨与软组织之间，达到垫下巴的效果。硅胶假体是目前较为理想的材料，生物相容性好，对组织刺激小，易雕刻成型，性价比高，应用广泛。','[{\"技术手段\":\"手术,一级手术\"}, {\"疗程\":\"一次手术\"}]','[{\"手术费用\":\"6000-20000元/人\"},{\"适宜人群\":\"上下颌骨咬合关系基本协调的下巴后缩\"},{\"治疗效果\":\"拥有理想的下巴形状\"},{\"治疗时长\":\"一般2小时左右\"}]','[{\"拆线时间\":\"7~10天\"},{\"术后休息\":\"7~10天\"}]','[\"费用低\",\"效果持久且更明显\",\"硅胶假体易雕刻\"]','[\"假体对周围组织有一定刺激性\",\"并发症较多\"]',5,5,3,1,0),(14,55,'吸脂减双下巴就是通过手术的方法，借助水动力吸脂机、负压吸脂机等吸脂设备或技术，将下巴多余的脂肪抽吸出来，达到减双下巴的效果。','2000','20000','吸脂减双下巴',NULL,'吸脂减双下巴就是通过手术的方法，借助水动力吸脂机、负压吸脂机等吸脂设备或技术，将下巴多余的脂肪抽吸出来，达到减双下巴的效果。','[{\"技术手段\":\"手术\"},{\"疗程\":\"一般为1次治疗\"}]','[{\"手术费用\":\"2000-20000元/人\"},{\"适宜人群\":\"有下巴脂肪堆积困扰的人\"},{\"治疗效果\":\"一般可维持长久\"},{\"治疗时长\":\"一般1次即可，如有反弹，可能需要二次吸脂\"}]','[{\"拆线时间\":\"是否拆线取决于吸脂方式\"},{\"术后休息\":\"1-2周\"}]','[\"下巴脂肪堆积过多的也适用\"]','[\"有一定的创伤\"]',5,5,3,1,0),(15,56,'光纤溶脂瘦脸是在局麻下用超细光纤将等离子体激光导入脂肪层进行脂肪溶解和刺激胶原蛋白增生后，利用真空负压或人体新陈代谢功能将脂肪液排出体外，使脂肪细胞数量减少，弹力纤维重新排列，从而达到瘦脸的效果','20000','100000','光纤溶脂减双下巴',NULL,'光纤溶脂瘦脸是在局麻下用超细光纤将等离子体激光导入脂肪层进行脂肪溶解和刺激胶原蛋白增生后，利用真空负压或人体新陈代谢功能将脂肪液排出体外，使脂肪细胞数量减少，弹力纤维重新排列，从而达到瘦脸的效果','[{\"技术手段\":\"手术\"},{\"疗程\":\"一般为1次治疗\"}]','[{\"手术费用\":\"20000-100000元\"},{\"适宜人群\":\"面部局部有脂肪堆积困扰的人\"},{\"治疗效果\":\"术后注意饮食、运动，控制体重，一般可维持数年\"},{\"治疗时长\":\"一般1次即可，单次1~2小时\"}]','[{\"拆线时间\":\"一般无需拆线\"},{\"术后休息\",\"只溶脂后的脂肪代谢吸收需要一定时间，光纤溶脂瘦脸一般要在1个月左右开始看到一定的效果。更加理想的效果需恢复3个月至半年\"}]','[\"创伤小，恢复快，还有一定的紧致作用\"]','[\"溶脂量有限，脂肪堆积过多的大部位不太适用\"]',5,5,3,1,0),(16,57,'玻尿酸注射丰唇术是丰唇术中的一种。玻尿酸，为人体自身成分，当注射入皮肤后，能将胶原纤维、弹力纤维及其他细胞体连接全部包埋于一体，共同形成兼具弹性和黏性特点的结构基质，同时玻尿酸可以吸收自身体积1000倍的水分，从而使肌肤丰满、有弹性，使过薄的唇部起到填充的目的。玻尿酸注射丰唇术的费用...','4000','10000','玻尿酸丰唇',NULL,'玻尿酸注射丰唇术是丰唇术中的一种。玻尿酸，为人体自身成分，当注射入皮肤后，能将胶原纤维、弹力纤维及其他细胞体连接全部包埋于一体，共同形成兼具弹性和黏性特点的结构基质，同时玻尿酸可以吸收自身体积1000倍的水分，从而使肌肤丰满、有弹性，使过薄的唇部起到填充的目的。玻尿酸注射丰唇术的费用...','[{\"技术手段\":\"手术\"},{\"疗程\":\"多次注射\"}]','[{\"手术费用\":\"4000-10000元/支\"},{\"适宜人群\":\"唇部过或薄萎缩老化者\"}]','[{\"术后休息\":\"无需休息\"}]','[\"玻尿酸安全性高，副作用很少\",\"注射创伤小，术后无需休息\"]','[\"需反复注射\",\"维持时间短\"]',5,5,3,1,0),(17,58,'自体脂肪颗粒注射是从受术者脂肪堆积的部位抽取脂肪颗粒，经特殊处理后注射到红唇皮下。脂肪颗粒是自体组织，不会发生排斥反应，同时可以矫正其它部位的脂肪堆积，是较理想的填充材料。自体脂肪颗粒注射移植丰唇术的费用大概在4000-6000元，该手术是国家卫生部规定的一级手术项目，需要多次注射，除少..','4000','6000','自体脂肪丰唇',NULL,'自体脂肪颗粒注射是从受术者脂肪堆积的部位抽取脂肪颗粒，经特殊处理后注射到红唇皮下。脂肪颗粒是自体组织，不会发生排斥反应，同时可以矫正其它部位的脂肪堆积，是较理想的填充材料。自体脂肪颗粒注射移植丰唇术的费用大概在4000-6000元，该手术是国家卫生部规定的一级手术项目，需要多次注射，除少..','[{\"技术手段\":\"手术\"},{\"疗程\":\"多次注射\"}]','[{\"手术费用\":\"4000-6000元/支\"},{\"适宜人群\":\"唇部过或薄萎缩老化者\"}]','[{\"术后休息\":\"1-4天，最多7-14天\"}]','[\"自体脂肪无排异反应\",\"可长久维持\"]','[\"脂肪颗粒移植的存活率不高\",\"两处创伤，术后需休息数天\",\"需多次注射\"]',5,5,3,1,0),(18,59,'硅凝胶乳房假体植入隆胸术是将硅凝胶假体植入胸部的一种手术，硅凝胶是一种有机硅化合物聚合体，为粘度极高的聚二甲基硅氧。自从20世纪60年代中期国外应用硅凝胶乳房假体植入行隆胸术一来至今已有近40年，在我国已经20多年的历史。硅凝胶假体植入隆胸因效果较好而在临床中得到广泛应用。硅凝胶乳房假体...','28000','60000','假体隆胸',NULL,'硅凝胶乳房假体植入隆胸术是将硅凝胶假体植入胸部的一种手术，硅凝胶是一种有机硅化合物聚合体，为粘度极高的聚二甲基硅氧。自从20世纪60年代中期国外应用硅凝胶乳房假体植入行隆胸术一来至今已有近40年，在我国已经20多年的历史。硅凝胶假体植入隆胸因效果较好而在临床中得到广泛应用。硅凝胶乳房假体...','[{\"技术手段\":\"手术,二级手术\"}, {\"疗程\":\"一次手术\"}]','[{\"手术费用\":\"28000-60000元/人\"},{\"适宜人群\":\"胸部过小，两侧乳房不对称，乳房下垂\"},{\"治疗效果\":\"乳房体积扩大，形态丰满匀称\"},{\"治疗时长\":\"1~2小时左右\"}]','[{\"拆线时间\":\"7天\"},{\"术后休息\":\"7~10天\"}]','[\"假体大小、形状可以按受术者要求选择，塑造胸部外形好\",\"适应人群范围较广\"]','[\"手感不够自然\",\"可能会发生组织排异反应\",\"创伤相对较大\"]',5,5,3,1,0),(19,60,'复合隆胸术是指将假体植入和脂肪移植并用从而达到隆胸效果的隆胸术。在植入的假体上层注入脂肪，利用脂肪将假体包裹在内，既能充分体现出假体的丰满效果，又能实现脂肪注入后的自然手感。','40000','80000','复合隆胸',NULL,'复合隆胸术是指将假体植入和脂肪移植并用从而达到隆胸效果的隆胸术。在植入的假体上层注入脂肪，利用脂肪将假体包裹在内，既能充分体现出假体的丰满效果，又能实现脂肪注入后的自然手感。','[{\"技术手段\":\"手术,二级手术\"}, {\"疗程\":\"多次手术\"}]','[{\"手术费用\":\"40000-80000元/人\"},{\"适宜人群\":\"胸部过小，两侧乳房不对称，乳房下垂\"},{\"治疗效果\":\"乳房体积扩大，形态丰满匀称\"},{\"治疗时长\":\"1~2小时左右\"}]','[{\"拆线时间\":\"7天\"},{\"术后休息\":\"7~14天\"}]','[\"假体大小、形状可以按受术者要求选择；自体脂肪注射可以让胸部更大，并且掩盖假体边缘，塑造的胸部外形更好\",\"适应人群范围较广\",\"乳房手感更接近自然\"]','[\"可能会发生组织排异反应\",\"创伤相对较大\",\"自体脂肪移植可能需要二次或者多次移植\"]',5,5,3,1,0),(20,61,'自体脂肪颗粒注射移植隆胸术是用抽脂器从身体脂肪堆积处(如腹部、大腿部)抽取脂肪，所抽取的脂肪经过滤和分离后成为较纯的脂肪，再用注射器将脂肪颗粒注射到乳房腺体后间隙及(或)腺体表面。自体脂肪颗粒注射移植隆胸术价格约为20000-40000元，该手术后受术者需要休息1-4天，多7-14天。','20000','40000','自体脂肪隆胸',NULL,'自体脂肪颗粒注射移植隆胸术是用抽脂器从身体脂肪堆积处(如腹部、大腿部)抽取脂肪，所抽取的脂肪经过滤和分离后成为较纯的脂肪，再用注射器将脂肪颗粒注射到乳房腺体后间隙及(或)腺体表面。自体脂肪颗粒注射移植隆胸术价格约为20000-40000元，该手术后受术者需要休息1-4天，多7-14天。','[{\"技术手段\":\"手术,一级手术\"}, {\"疗程\":\"两次或多次手术\"}]','[{\"手术费用\":\"20000-40000元/人\"},{\"适宜人群\":\"适宜人群乳房较小、乳房轻度萎缩、对乳房体积增加要求不大且自身其他部位有...\"},{\"治疗效果\":\"改善较小的乳房， 提升乳房，塑造理想的乳房形态，丰胸\"},{\"治疗时长\":\"改善较小的乳房， 提升乳房，塑造理想的乳房形态，丰胸\"}]','[{\"拆线时间\":\"无需拆线\"},{\"术后休息\":\"1-4天，最多7-14天\"}]','[\"自体组织无任何排斥反应\",\"手感自然，和自身乳房一样\",\"创伤小，对生活工作影响小\"]','[\"应用范围局限\",\"脂肪移植的成活率较低\",\"治疗次数多，治疗时间长\"]',5,5,3,1,0),(21,62,'副乳吸脂整形术是通过脂肪抽吸的方式去除副乳的腺体间脂肪，也可以同时破坏副乳腺体以达到整形使局部平整的目的。手术一般采用注射器吸脂的方式，术后常规应用抗生素约3天，加压包扎2天左右后即可拔除引流装置，7天左右拆线后即可恢复正常的工作和生活。','3000','6000','副乳吸脂',NULL,'副乳吸脂整形术是通过脂肪抽吸的方式去除副乳的腺体间脂肪，也可以同时破坏副乳腺体以达到整形使局部平整的目的。手术一般采用注射器吸脂的方式，术后常规应用抗生素约3天，加压包扎2天左右后即可拔除引流装置，7天左右拆线后即可恢复正常的工作和生活。','[{\"技术手段\":\"手术,一级手术\"}, {\"疗程\":\"一次或多次手术\"}]','[{\"手术费用\":\"3000-6000/人\"},{\"适宜人群\":\"轻度副乳\"}]','[{\"术后休息\":\"休息7-10天\"}]','[\"切口小，术后没有明显瘢痕\",\"风险相对较小\"]','[\"疼痛较明显\",\"治疗副乳可能不彻底\"]',5,5,3,1,0),(22,63,'副乳切除术需要在腋窝处制造一个小型切口，游离皮瓣后，彻底切除腺样组织及多余皮肤以达到使局部组织平整的目的。手术过程比较精细，需要到正规医疗机构进行治疗。副乳切除术需要术后包扎7-10天，拆线后即可恢复正常的工作生活。','3000','10000','副乳切除',NULL,'副乳切除术需要在腋窝处制造一个小型切口，游离皮瓣后，彻底切除腺样组织及多余皮肤以达到使局部组织平整的目的。手术过程比较精细，需要到正规医疗机构进行治疗。副乳切除术需要术后包扎7-10天，拆线后即可恢复正常的工作生活。','[{\"技术手段\":\"手术,二级手术\"}, {\"疗程\":\"一次手术\"}]','[{\"手术费用\":\"3000-10000/人\"},{\"适宜人群\":\"有副乳且影响生活健康者\"}]','[{\"术后休息\":\"休息1-2周\"}]','[\"治疗副乳较彻底\",\"手术中用麻醉不太疼痛\"]','[\"风险相对较大\",\"术后切口处有较明显瘢痕\"]',5,5,3,1,0),(23,64,'“水光针”美容其实是一种注射类的护肤疗法，在韩国很有人气，也被称为“韩国艺人针”，更多的是一种市场化的名字，不属于医学界专业术语，因注射后能让皮肤变得水水的、很光亮而得名。水光针注射时，要借助专门的仪器“水光枪”，将需要玻尿酸等注射到紧贴表皮下的真皮层，达到补水、保湿、增加皮肤弹性、预防皱纹等目的。','1000','5000','水光针',NULL,'“水光针”美容其实是一种注射类的护肤疗法，在韩国很有人气，也被称为“韩国艺人针”，更多的是一种市场化的名字，不属于医学界专业术语，因注射后能让皮肤变得水水的、很光亮而得名。水光针注射时，要借助专门的仪器“水光枪”，将需要玻尿酸等注射到紧贴表皮下的真皮层，达到补水、保湿、增加皮肤弹性、预防皱纹等目的。','[{\"技术手段\":\"注射\"},{\"疗程\":\"多次治疗\"}]','[{\"手术费用\":\"1000-5000/人\"},{\"适宜人群\":\"适应于皮肤粗糙、轻度色素沉着、毛细血管扩张、细小皱纹等皮肤老化\"}]','[{\"术后休息\":\"同时有紧致肌肤、淡化色斑、美白嫩肤、除皱等效果\"}]','[\"无需休息\",\"创伤小\"]','[\"需多次注射\",\"维持时间较短\"]',5,5,3,1,0),(24,65,'光子嫩肤是指利用光子作用在老化的皮肤上，针对皮肤出现的一系列问题，进行治疗。光子的作用原理具有选择性光热作用和生物刺激作用，光子不但对皮肤浅层的黑素颗粒、血红蛋白能发挥治疗效应，也对皮肤深层组织中弹性纤维和胶原纤维发挥治疗效应，因而起到嫩肤的效果，但光子不会损伤正常的皮肤组织。光...','3000','9000','光子嫩肤',NULL,'光子嫩肤是指利用光子作用在老化的皮肤上，针对皮肤出现的一系列问题，进行治疗。光子的作用原理具有选择性光热作用和生物刺激作用，光子不但对皮肤浅层的黑素颗粒、血红蛋白能发挥治疗效应，也对皮肤深层组织中弹性纤维和胶原纤维发挥治疗效应，因而起到嫩肤的效果，但光子不会损伤正常的皮肤组织。光...','[{\"技术手段\":\"光电\"},{\"疗程\":\"3-6次治疗（每3-4周一次）\"}]','[{\"手术费用\":\"3000-9000/人\"},{\"适宜人群\":\"皮肤粗糙、毛孔粗大、细小皱纹、皮肤变黑及色素沉着等\"}]','[{\"术后休息\":\"无需休息\"}]','[\"见效快，疗效高，治疗安全，副作用相对较少\",\"可同时治疗皮肤色素斑的增加、毛细血管扩张和皮肤细纹出现等多种问题\",\"不影响正常工作和生活\"]','[\"治疗周期长，需多次治疗\"]',5,5,3,1,0),(25,66,'使用无针注射仪将不同营养液注渗到真皮层，即可强化细胞、紧致肌肤、美白嫩肤、深层补水、祛除皱纹、通过高压使液体药品通过一个极细的孔后，产生一个液体柱，穿透皮肤喷射到皮下，消除了被注射者对针头的恐惧，同时也消除了疼痛。','199','2000','无针水光',NULL,'使用无针注射仪将不同营养液注渗到真皮层，即可强化细胞、紧致肌肤、美白嫩肤、深层补水、祛除皱纹、通过高压使液体药品通过一个极细的孔后，产生一个液体柱，穿透皮肤喷射到皮下，消除了被注射者对针头的恐惧，同时也消除了疼痛。','[{\"技术手段\":\"仪器\"},{\"疗程\":\"1-3次治疗\"}]','[{\"手术费用\":\"199-2000/人\"},{\"适宜人群\":\"肌肤缺水、暗沉、有细纹，渴望改善肤质的人群\"},{\"治疗时长\":\"40分钟\"}]','[{\"拆线时间\":\"无\",\"术后休息\":\"一周内勿化妆， 2、勿过度按摩揉捏，并避免高温湿热的环境，不可被阳光长时间暴晒、 3、敷面膜、美容护理、清洁等 4、避免用力揉搓\"}]','[\"无痛感 无创伤\"]','[\"保持时间比水光针略短，10——15天后需要再次补打\"]',5,5,3,1,0),(26,67,'激光作用于皮肤时，皮肤的表面只有瘢痕部分受到激光作用，其他组织不受任何影响，而这些没有受到激光作用的部分，会积蓄较多的胶原蛋白及弹性蛋白，帮助真皮部位的胶原蛋白新生及重排，除此之外，激光照射后对皮肤组织会产生光热效应、光化学效应、压强效应、电磁场效应和生物刺激效应，从而使皮肤瘢痕','800','8000','激光去疤',NULL,'激光作用于皮肤时，皮肤的表面只有瘢痕部分受到激光作用，其他组织不受任何影响，而这些没有受到激光作用的部分，会积蓄较多的胶原蛋白及弹性蛋白，帮助真皮部位的胶原蛋白新生及重排，除此之外，激光照射后对皮肤组织会产生光热效应、光化学效应、压强效应、电磁场效应和生物刺激效应，从而使皮肤瘢痕','[{\"技术手段\":\"光电\"},{\"疗程\":\"多次治疗\"}]','[{\"手术费用\":\"800-8000/人\"},{\"适宜人群\":\"程度较轻的瘢痕\"}]','[{\"术后休息\":\"无需休息\"}]','[\"不太疼痛，术后无需休息\",\"创伤小\"]','[\"治疗不彻底\",\"只适用于轻度瘢痕者\"]',5,5,3,1,0),(27,68,'对于程度比较严重的凹陷性瘢痕、萎缩性瘢痕及增生性瘢痕，手术切除是主要手段，但任何手术方式都不能将瘢痕完全去除，只是限度得改善或矫正瘢痕造成的危害，且手术后还宜形成新的瘢痕。由于身体体质不同，伤口愈合所需要的时间也不同，所以手术后拆线的时间也不相同，一般是5-14天拆线，拆线后1-4...','500','3000','手术切除祛疤',NULL,'对于程度比较严重的凹陷性瘢痕、萎缩性瘢痕及增生性瘢痕，手术切除是主要手段，但任何手术方式都不能将瘢痕完全去除，只是限度得改善或矫正瘢痕造成的危害，且手术后还宜形成新的瘢痕。由于身体体质不同，伤口愈合所需要的时间也不同，所以手术后拆线的时间也不相同，一般是5-14天拆线，拆线后1-4...','[{\"技术手段\":\"手术,二级手术\"}, {\"疗程\":\"一次手术\"}]','[{\"手术费用\":\"500-3000/人\"},{\"适宜人群\":\"影响外观，部位功能的瘢痕\"}]','[{\"术后休息\":\"1-2周\"}]','[\"对于程度严重的瘢痕效果好\",\"适应瘢痕范围广\"]','[\"创伤相对大\",\"愈后可能有新瘢痕出现\"]',5,5,3,1,0),(28,69,'药物注射治疗瘢痕是目前临床上较常用的方法之一，瘢痕部位用药的基本作用原理是使瘢痕处真皮变薄，抑制胶原细胞的增殖，使胶原纤维合成减少，同时诱导成纤维细胞产生胶原酶，使胶原纤维降解增加。药物治疗瘢痕药物时1-4周注射1次，每4-8次为一个疗程。','500','500','药物祛疤',NULL,'药物注射治疗瘢痕是目前临床上较常用的方法之一，瘢痕部位用药的基本作用原理是使瘢痕处真皮变薄，抑制胶原细胞的增殖，使胶原纤维合成减少，同时诱导成纤维细胞产生胶原酶，使胶原纤维降解增加。药物治疗瘢痕药物时1-4周注射1次，每4-8次为一个疗程。','[{\"技术手段\":\"其它\"},{\"疗程\":\"多次治疗\"}]','[{\"手术费用\":\"数十至数百/人\"},{\"适宜人群\":\"小面积的增生性瘢痕\"}]','[{\"术后休息\":\"无需休息\"}]','[\"注射药物创伤很小\",\"术后无需休息\"]','[\"治疗效果有限，不彻底\",\"只适用小面积增生性瘢痕者\"]',5,5,3,1,0),(29,70,'外科法治疗黑色素痣就是将色素痣完整得切除后缝合，同时将切下的组织标本做病理学检查，以确定其性质。手术法治疗黑色素痣术后5天去除包扎敷料，术后6-7天拆线，一周后切口愈合，但具体恢复情况根据个人体质的不同而不同。','300','2000','手术切痣(大的)',NULL,'外科法治疗黑色素痣就是将色素痣完整得切除后缝合，同时将切下的组织标本做病理学检查，以确定其性质。手术法治疗黑色素痣术后5天去除包扎敷料，术后6-7天拆线，一周后切口愈合，但具体恢复情况根据个人体质的不同而不同。','[{\"技术手段\":\"手术\"}, {\"疗程\":\"一次手术\"}]','[{\"手术费用\":\"300-2000/人\"},{\"适宜人群\":\"各种程度的黑色素痣\"},{\"治疗时长\":\"一般30~60分钟\"}]','[{\"术后休息\":\"1周左右\"}]','[\"治疗黑色素痣彻底\",\"适应人群范围较广\",\"治疗时长一般30~60分钟\"]','[\"创伤相对较大\",\"术后需要几天休息时间\"]',5,5,3,1,0),(30,71,'激光治疗黑色素痣是根据激光的选择性光热效应理论(即不同波长的激光可选择性得作用于不同颜色的皮肤)，其瞬间产生的高强度的辐射能量，集中作用于黑色素痣色素组织颗粒上，将其直接汽化、击碎，再通过淋巴组织排出体外，达到消除或减淡黑色素痣的效果。激光治疗每次约1000-2000元，一般激光法治疗黑色...','1000','2000','激光点痣(小的)',NULL,'激光治疗黑色素痣是根据激光的选择性光热效应理论(即不同波长的激光可选择性得作用于不同颜色的皮肤)，其瞬间产生的高强度的辐射能量，集中作用于黑色素痣色素组织颗粒上，将其直接汽化、击碎，再通过淋巴组织排出体外，达到消除或减淡黑色素痣的效果。激光治疗每次约1000-2000元，一般激光法治疗黑色...','[{\"技术手段\":\"光电\"}, {\"疗程\":\"多次治疗\"}]','[{\"手术费用\":\"1000-2000元/次\"},{\"适宜人群\":\"局限、浅表性的黑色素痣\"},{\"治疗效果\":\"去除较小色素痣，不留疤痕\"},{\"治疗时长\":\"一般30~60分钟\"}]','[{\"拆线时间\":\"无需拆线\"},{\"术后休息\":\"无需休息\"}]','[\"创伤很小,不太疼痛\",\"术后无需休息\"]','[\"治疗效果有限，不彻底\",\"不适应于黑色素痣严重者\"]',5,5,3,1,0);

/*Table structure for table `wx_user` */

DROP TABLE IF EXISTS `wx_user`;

CREATE TABLE `wx_user` (
  `user_id` bigint(20) NOT NULL AUTO_INCREMENT,
  `open_id` varchar(150) DEFAULT NULL,
  `nick_name` varchar(150) DEFAULT NULL,
  `sex` int(11) DEFAULT NULL COMMENT '0:女,1:男,2:不知',
  `city` varchar(50) DEFAULT NULL,
  `country` varchar(50) DEFAULT NULL,
  `province` varchar(50) DEFAULT NULL,
  `head_url` varchar(300) DEFAULT NULL COMMENT '头像',
  `subscribe` int(11) DEFAULT NULL COMMENT '0:没有关注',
  `remark` varchar(200) DEFAULT NULL COMMENT '对粉丝的备注',
  `create_time` timestamp NOT NULL DEFAULT CURRENT_TIMESTAMP ON UPDATE CURRENT_TIMESTAMP,
  PRIMARY KEY (`user_id`)
) ENGINE=InnoDB AUTO_INCREMENT=2 DEFAULT CHARSET=utf8;

/*Data for the table `wx_user` */

insert  into `wx_user`(`user_id`,`open_id`,`nick_name`,`sex`,`city`,`country`,`province`,`head_url`,`subscribe`,`remark`,`create_time`) values (1,'abcdefg123456','Coy',1,'深圳','中国','广东','http://...',0,'OK','2018-03-28 09:51:44');

/*!40101 SET SQL_MODE=@OLD_SQL_MODE */;
/*!40014 SET FOREIGN_KEY_CHECKS=@OLD_FOREIGN_KEY_CHECKS */;
/*!40014 SET UNIQUE_CHECKS=@OLD_UNIQUE_CHECKS */;
/*!40111 SET SQL_NOTES=@OLD_SQL_NOTES */;
